{"cameraMode":{"drawMode":0,"name":"Shaded","section":"Shading Mode"},"sceneLighting":false,"audioPlay":false,"sceneViewState":{"showFog":true,"showMaterialUpdate":false,"showSkybox":false,"showFlares":true,"showImageEffects":true,"showParticleSystems":true},"in2DMode":false,"pivot":{"x":-2.595302104949951,"y":3.637723445892334,"z":5.20490026473999},"rotation":{"x":0.3156300485134125,"y":0.38337835669517519,"z":-0.1412964016199112,"w":0.8564260601997376},"size":10.481819152832032,"orthographic":true}