{"cameraMode":{"drawMode":0,"name":"Shaded","section":"Shading Mode"},"sceneLighting":false,"audioPlay":false,"sceneViewState":{"showFog":true,"showMaterialUpdate":false,"showSkybox":false,"showFlares":true,"showImageEffects":true,"showParticleSystems":true},"in2DMode":false,"pivot":{"x":-0.04833984375,"y":0.019434291869401933,"z":0.017756039276719095},"rotation":{"x":0.20516273379325868,"y":-0.4320676326751709,"z":0.10162181407213211,"w":0.8722965717315674},"size":1.186255931854248,"orthographic":true}