{"cameraMode":{"drawMode":0,"name":"Shaded","section":"Shading Mode"},"sceneLighting":false,"audioPlay":false,"sceneViewState":{"showFog":true,"showMaterialUpdate":false,"showSkybox":false,"showFlares":true,"showImageEffects":true,"showParticleSystems":true},"in2DMode":false,"pivot":{"x":619.2230224609375,"y":249.71011352539063,"z":-0.4332488179206848},"rotation":{"x":0.23002755641937257,"y":-0.5132127404212952,"z":0.14504139125347138,"w":0.8140698671340942},"size":15.228680610656739,"orthographic":true}